s_State,s_Volume,s_state_id,s_lat,s_lon,e_locality,e_locality_id,e_lat,e_lon,e_Volume
Sudan,40610,SD01,15.851318,32.843002,Egypt ,SD15,26.8206,30.8025,14135
Sudan,40611,SD01,15.851318,32.843002,libya ,SD16,26.3351,17.2283,14135
Sudan,40612,SD01,15.851318,32.843002,Chad ,SD17,15.4542,18.7322,14135
Sudan,40613,SD01,15.851318,32.843002,Central African Republic ,SD18,6.6111,20.9394,14135
Sudan,40614,SD01,15.851318,32.843002,South Sudan ,SD19,6.877,31.307,14135
Sudan,40615,SD01,15.851318,32.843002,Ethiopia ,SD20,9.145,40.4897,14135
Sudan,40616,SD01,15.851318,32.843002,Eritrea ,SD21,15.1794,39.7823,14135
